"Date","Adelaide","Apia","Beijing","Bangkok","Brisbane","Bandar Seri Begawan","Guangzhou","Cairns","Denpasar","Dubai","Buenos Aires","Hong Kong","Honolulu","Osaka","Kuala Lumpur","Los Angeles","London","Melbourne","Nadi","Nagoya","Noumea","Tokyo","Coolangatta","Perth","Papeete","Rarotonga","Santiago","Seoul","San Francisco","Shanghai","Singapore","Sydney","Tonga","Taipei","Port Vila","Vancouver","TOTAL ALL OVERSEAS PORTS"
"1997M09",0,29,0,28,186,0,0,13,17,0,9,31,45,25,16,138,22,141,106,17,16,36,9,8,19,13,0,56,0,0,73,372,24,26,9,17,1292
"1997M10",0,31,0,30,200,0,0,14,18,0,9,36,49,26,21,144,21,153,110,14,14,33,8,9,18,15,0,66,0,0,70,391,23,27,7,24,1355
"1997M11",0,31,0,15,192,0,0,15,12,0,13,38,48,29,12,142,26,162,108,13,14,20,9,9,17,14,0,60,0,0,63,409,21,31,5,8,1386
"1997M12",0,52,0,13,207,0,0,14,14,0,13,37,52,31,14,144,28,179,111,14,12,23,9,12,22,13,0,64,0,0,86,420,28,39,4,9,1513
"1998M01",0,53,0,13,211,0,0,16,13,0,14,37,55,30,13,146,26,175,112,14,15,21,9,14,23,14,0,53,0,0,76,420,29,38,5,9,1516
"1998M02",0,31,0,12,166,0,0,13,12,0,12,35,48,28,12,132,24,164,94,13,12,20,6,8,20,12,3,32,13,0,67,378,19,40,4,8,1296
"1998M03",0,36,0,13,183,0,0,13,14,0,13,41,48,31,13,144,23,179,104,13,14,28,8,11,23,13,2,35,30,0,65,416,22,35,4,7,1417
"1998M04",0,35,0,13,193,0,0,13,13,0,13,43,29,29,14,142,25,160,88,9,14,32,8,9,17,12,0,26,31,0,60,422,22,25,6,8,1378
"1998M05",0,37,0,16,196,0,0,15,12,0,10,44,33,35,13,151,27,165,91,10,14,34,5,9,17,15,0,26,24,0,62,420,22,27,10,9,1410
"1998M06",0,34,0,12,204,0,0,13,13,0,9,43,34,35,16,139,26,165,86,8,13,32,4,8,18,13,0,23,0,0,61,415,24,26,10,8,1377
"1998M07",0,35,0,15,226,0,0,19,13,0,11,45,39,34,18,138,26,195,88,9,14,31,10,9,19,14,0,28,0,0,62,480,26,26,8,13,1537
"1998M08",0,37,0,13,237,0,0,17,12,0,10,44,43,35,17,138,27,197,85,9,15,27,6,9,17,14,3,31,0,0,65,469,22,27,10,17,1533
"1998M09",0,36,0,13,233,0,0,17,14,0,8,43,40,29,18,130,26,184,81,8,16,27,8,8,19,12,5,22,0,0,61,458,24,25,9,16,1473
"1998M10",0,33,0,16,231,0,0,17,13,0,9,44,43,30,19,137,26,204,91,15,17,33,8,10,21,15,2,23,0,0,66,497,28,25,9,16,1575
"1998M11",1,36,0,13,192,0,0,15,13,0,12,43,27,26,17,131,31,209,84,18,13,31,4,8,16,20,0,26,0,0,80,486,29,18,9,3,1524
"1998M12",0,49,0,13,224,0,0,13,13,0,17,44,35,27,20,137,29,213,79,21,13,33,4,13,25,21,0,30,0,0,85,500,41,23,9,8,1636
"1999M01",0,53,0,14,233,0,0,13,13,0,18,44,37,27,17,139,28,209,90,22,19,29,5,13,21,26,0,32,0,0,90,502,40,31,9,15,1673
"1999M02",1,32,0,12,182,0,0,11,12,0,16,46,33,23,16,123,26,199,81,18,14,28,4,12,21,20,0,28,0,0,76,455,29,39,9,16,1497
"1999M03",0,36,0,13,209,0,0,14,13,0,18,45,36,30,18,138,27,220,89,18,12,36,5,12,19,23,0,28,0,0,82,508,31,18,9,17,1617
"1999M04",0,29,0,13,200,0,0,14,13,0,15,43,34,28,23,139,30,232,108,17,15,33,9,9,18,19,0,20,0,0,82,482,31,13,4,0,1565
"1999M05",0,32,0,13,198,0,0,12,14,0,10,42,33,34,23,142,31,231,108,17,15,35,4,9,17,18,0,18,0,0,84,456,32,13,6,0,1527
"1999M06",0,30,0,13,195,0,0,12,12,0,11,26,30,29,22,138,30,217,111,19,13,36,6,8,20,19,0,17,0,0,82,432,34,13,9,0,1462
"1999M07",3,31,0,14,218,0,0,9,14,0,17,45,29,33,23,142,31,228,119,16,14,32,9,10,18,17,0,19,0,1,86,498,31,13,9,0,1623
"1999M08",5,36,3,13,222,0,1,7,13,0,16,43,30,36,22,141,31,229,117,18,16,37,8,8,18,20,0,18,0,1,87,513,31,14,9,0,1642
"1999M09",5,34,0,15,213,0,0,4,14,0,16,44,33,28,22,138,31,234,109,16,17,36,9,9,20,18,0,18,0,2,83,490,31,13,9,1,1606
"1999M10",4,40,0,14,218,0,0,6,13,0,18,44,30,30,24,143,31,236,119,17,16,33,9,9,18,18,0,18,0,0,87,506,30,13,9,0,1636
"1999M11",1,34,0,23,207,0,0,5,13,0,18,45,22,41,22,138,34,237,119,18,13,36,4,11,20,20,0,17,0,0,90,516,32,14,8,2,1644
"1999M12",0,55,0,22,265,0,0,5,13,0,18,50,24,43,23,146,38,255,112,17,15,35,6,14,24,27,0,23,1,0,93,554,45,18,8,5,1837
"2000M01",0,59,0,22,256,0,0,4,14,0,22,48,25,43,22,138,34,266,114,17,19,31,8,14,22,26,0,23,0,0,94,557,49,20,8,4,1858
"2000M02",0,37,0,20,234,0,0,4,12,0,21,51,23,41,21,133,30,244,114,19,18,31,9,12,24,25,0,17,0,0,88,517,34,25,8,4,1709
"2000M03",0,39,0,23,247,0,0,5,13,0,20,46,20,37,22,140,31,271,116,16,16,32,9,12,22,26,0,18,0,0,94,550,33,18,9,4,1757
"2000M04",0,40,0,22,256,0,0,4,12,0,18,42,37,35,22,137,30,253,109,13,19,33,13,13,30,36,0,20,0,0,83,545,28,25,9,4,1728
"2000M05",0,41,0,24,251,0,0,4,13,0,17,46,31,37,23,141,31,260,108,14,17,37,11,13,31,28,0,23,0,0,87,521,40,28,9,0,1719
"2000M06",0,41,0,21,248,0,0,5,13,0,17,45,30,31,27,140,30,249,80,8,20,33,14,14,30,33,0,22,0,0,85,526,40,26,8,0,1681
"2000M07",0,41,8,22,278,0,0,4,13,0,18,45,32,38,31,141,31,273,77,8,18,35,13,14,26,32,0,26,0,8,90,570,44,27,10,0,1807
"2000M08",0,42,8,22,273,0,0,4,14,0,18,47,35,38,31,142,31,273,65,13,18,39,15,14,30,32,0,27,0,8,91,551,35,24,9,0,1771
"2000M09",0,39,8,22,267,0,0,5,12,0,19,44,35,33,31,143,26,272,74,8,19,32,18,14,25,27,0,25,0,8,83,536,38,26,9,0,1733
"2000M10",0,42,9,22,262,0,0,5,12,0,19,45,38,39,32,149,30,283,85,10,22,35,16,13,28,28,0,26,0,9,86,561,37,26,10,0,1817
"2000M11",0,45,4,21,248,0,0,4,14,0,16,52,47,47,31,148,30,295,99,13,20,37,8,14,27,35,0,30,0,4,79,561,40,29,10,5,1865
"2000M12",0,53,9,32,256,0,0,6,13,0,18,55,48,47,32,152,31,330,103,18,19,34,13,13,34,36,0,31,0,9,84,582,48,30,9,4,1972
"2001M01",0,53,8,32,261,0,0,4,12,0,21,55,49,50,31,152,31,335,101,18,18,38,11,13,32,35,0,34,0,8,85,585,44,39,10,4,1986
"2001M02",0,44,8,28,225,0,0,4,12,0,17,48,46,45,28,137,28,304,95,16,17,32,8,12,26,33,0,31,0,8,71,538,37,30,8,4,1784
"2001M03",0,45,1,31,258,0,0,4,14,0,18,53,50,42,29,151,31,330,104,13,18,32,16,15,32,37,0,30,0,1,77,580,27,31,9,5,1920
"2001M04",0,29,0,30,273,0,0,6,12,0,16,48,42,40,23,140,30,348,97,13,17,35,16,12,37,34,0,26,0,0,74,564,21,30,8,4,1870
"2001M05",0,31,0,31,268,0,0,4,14,0,16,49,41,37,24,147,31,320,98,13,19,36,18,14,35,32,0,27,0,0,78,565,24,31,10,0,1853
"2001M06",0,31,0,29,256,0,0,4,13,0,10,48,40,30,21,141,30,309,95,13,18,28,16,13,41,31,0,23,0,0,77,527,25,29,9,0,1756
"2001M07",0,31,0,31,295,0,0,5,12,0,10,47,37,36,22,154,33,320,99,14,18,33,17,13,43,31,0,32,0,0,79,565,21,31,10,0,1887
"2001M08",0,30,0,32,286,0,0,5,14,0,8,49,30,32,22,146,32,328,96,13,18,30,18,13,46,32,0,31,0,0,79,565,23,31,9,0,1872
"2001M09",0,31,0,30,276,0,0,5,13,0,10,47,26,33,22,126,26,307,97,13,19,30,18,14,42,31,0,26,0,0,78,543,21,28,9,0,1800
"2001M10",3,31,0,31,268,0,0,3,13,0,9,49,29,39,23,147,31,333,93,12,19,38,17,13,35,30,0,27,0,0,76,552,24,30,9,0,1854
"2001M11",0,36,0,30,201,0,0,4,13,0,13,57,22,42,23,144,30,303,70,14,18,33,24,15,35,30,0,32,0,0,76,512,25,21,9,1,1717
"2001M12",1,49,0,31,212,0,0,5,13,0,20,64,23,46,23,151,31,311,78,13,19,34,34,18,35,27,0,45,0,0,92,542,33,22,10,0,1881
"2002M01",0,46,0,31,212,0,0,4,13,0,23,64,24,44,22,151,31,314,75,15,22,38,36,19,37,28,0,44,0,0,85,535,27,24,10,0,1874
"2002M02",0,33,0,28,184,0,0,4,13,0,20,57,24,41,12,141,28,279,65,15,19,32,28,16,34,24,0,39,0,0,77,491,20,27,8,0,1673
"2002M03",0,36,0,31,208,0,0,7,13,0,21,62,30,43,14,152,31,303,76,15,19,34,36,17,34,28,0,23,1,0,78,532,27,18,11,0,1798
"2002M04",0,33,0,30,216,0,0,9,12,0,18,51,18,45,12,136,30,268,78,13,17,39,35,18,29,30,0,30,0,0,75,510,30,18,8,0,1709
"2002M05",0,32,0,31,218,0,0,9,14,0,17,53,17,47,15,136,31,264,81,13,19,43,39,18,32,31,0,31,0,0,77,548,32,17,9,0,1738
"2002M06",0,33,0,41,225,0,0,8,13,0,18,52,16,45,13,133,30,253,78,12,19,40,38,17,29,30,0,30,0,0,80,515,31,17,9,0,1690
"2002M07",0,31,0,45,274,0,0,9,13,0,8,53,17,48,22,142,31,282,85,13,17,46,40,18,34,30,13,31,0,0,83,571,34,18,12,0,1853
"2002M08",0,31,0,44,284,0,0,10,14,0,9,53,21,48,22,141,31,287,88,14,19,43,39,18,30,32,13,31,0,0,85,580,35,17,10,0,1896
"2002M09",0,35,0,41,274,0,0,8,12,0,9,52,21,49,22,141,30,278,84,13,23,43,43,17,26,30,13,26,1,0,84,541,34,18,8,0,1815
"2002M10",1,35,0,44,266,0,0,9,14,0,8,54,21,46,23,151,31,284,82,13,19,45,49,18,27,32,13,27,0,0,85,581,35,16,9,0,1861
"2002M11",0,45,0,42,260,0,0,9,12,0,9,70,18,44,31,155,30,260,74,14,19,42,68,18,25,36,13,35,0,0,89,647,39,19,9,0,1976
"2002M12",0,52,0,43,269,0,0,9,12,0,9,76,23,48,32,161,31,274,85,19,20,45,55,18,30,36,13,49,0,0,97,695,62,25,8,0,2131
"2003M01",0,48,0,45,273,0,0,9,13,0,10,76,21,49,31,161,31,277,82,20,18,44,52,19,31,34,14,62,0,0,99,709,69,24,10,0,2165
"2003M02",0,40,0,40,242,0,0,8,12,0,8,70,23,48,29,143,28,258,72,19,18,36,43,17,24,32,12,40,0,0,83,638,57,22,8,0,1951
"2003M03",0,42,0,44,245,0,0,8,14,0,9,72,18,50,31,155,31,270,78,20,19,39,44,17,29,35,13,33,0,0,86,682,53,18,10,0,2023
"2003M04",0,49,0,43,259,0,0,9,12,0,8,57,24,46,30,123,30,258,80,13,18,43,56,18,19,35,13,30,0,0,83,655,57,13,9,0,1950
"2003M05",0,53,0,44,274,0,0,9,13,0,9,39,18,41,33,132,31,259,77,6,19,42,56,18,21,35,13,31,0,0,78,620,58,12,9,0,1904
"2003M06",0,51,0,43,265,0,0,8,13,0,9,43,18,30,30,134,30,246,77,0,18,44,60,17,24,35,12,30,0,0,70,612,56,12,8,0,1845
"2003M07",0,54,1,44,282,0,0,10,13,0,9,61,25,39,31,147,31,258,88,8,20,41,61,18,20,36,12,31,0,0,78,693,62,11,9,0,2053
"2003M08",0,55,0,43,256,0,0,9,9,59,9,65,21,44,31,153,31,290,86,10,19,42,59,17,24,37,11,31,0,0,142,733,63,9,9,0,2111
"2003M09",0,53,0,42,269,0,0,9,8,58,8,62,23,45,30,147,30,285,77,9,18,43,59,18,23,39,13,30,0,0,137,708,59,8,9,0,2074
"2003M10",2,52,0,44,265,2,0,9,9,67,9,77,21,44,31,157,31,293,79,13,17,44,57,17,28,39,14,33,0,0,151,723,59,11,9,0,2131
"2003M11",2,49,0,42,277,18,0,8,9,90,11,83,23,52,32,162,30,301,77,13,18,38,43,17,31,36,12,47,0,0,192,710,43,17,9,0,2196
"2003M12",2,53,0,46,300,17,0,9,9,91,13,83,23,53,31,174,31,346,81,13,19,42,41,18,42,35,14,65,0,9,169,731,49,18,8,0,2345
"2004M01",0,57,0,43,332,18,0,9,9,92,13,86,24,52,31,175,31,345,80,13,19,40,40,23,42,34,13,77,0,9,173,731,51,25,9,0,2408
"2004M02",0,48,0,40,317,17,0,8,9,87,13,79,22,46,29,161,29,327,82,13,18,37,44,20,38,35,12,61,0,0,161,687,39,20,8,0,2234
"2004M03",1,40,0,45,339,17,0,9,9,90,11,82,28,48,32,172,31,364,79,13,17,41,52,23,40,34,14,50,0,0,169,772,41,18,9,0,2402
"2004M04",1,51,0,43,328,17,0,9,8,89,9,74,19,42,30,164,30,353,85,13,18,41,47,17,34,35,14,47,0,0,165,762,38,12,8,0,2319
"2004M05",1,50,0,44,332,18,0,9,9,93,9,77,24,42,33,161,31,363,96,13,19,37,50,18,35,31,13,49,0,0,170,781,32,14,10,0,2371
"2004M06",0,45,0,43,326,17,0,10,9,86,8,72,19,29,30,162,30,341,99,9,18,31,53,17,34,35,13,45,0,0,164,754,32,13,9,0,2235
"2004M07",0,51,0,44,374,18,0,10,9,106,9,76,23,31,32,144,31,394,115,10,18,30,50,18,39,36,13,45,13,0,170,791,35,12,13,0,2410
"2004M08",0,51,0,43,367,18,0,10,8,112,9,74,25,32,31,144,31,417,113,14,18,31,55,18,39,37,13,44,14,0,171,782,35,14,16,0,2433
"2004M09",0,47,0,43,360,16,0,8,9,115,9,73,20,27,30,143,30,403,109,10,20,30,50,17,33,37,13,44,12,0,164,759,40,13,12,0,2355
"2004M10",1,50,0,44,368,19,0,10,8,119,9,76,20,27,31,140,31,403,105,14,18,30,51,17,40,39,13,48,14,0,168,775,40,13,15,0,2405
"2004M11",0,44,0,43,339,13,0,13,8,112,8,81,20,38,32,136,30,406,97,13,16,30,44,30,40,41,13,48,14,0,173,731,39,17,12,0,2384
"2004M12",8,52,0,45,363,13,0,14,9,122,12,84,14,40,31,140,31,428,100,13,21,30,54,31,43,44,17,60,13,0,179,778,42,18,12,0,2539
"2005M01",12,55,0,44,382,14,0,13,9,122,14,84,20,40,31,142,31,428,108,13,21,31,63,32,45,44,18,63,13,0,178,776,43,21,15,0,2586
"2005M02",12,40,0,40,330,12,0,12,8,112,16,78,19,36,28,128,28,381,95,12,16,28,69,27,35,39,16,56,12,0,163,702,33,21,8,0,2316
"2005M03",14,43,0,44,369,12,0,12,9,124,18,82,20,40,32,141,31,404,105,14,18,31,82,30,39,46,17,31,13,0,182,766,33,17,9,0,2494
"2005M04",13,46,0,42,400,12,0,9,9,118,16,72,14,23,30,127,30,373,112,12,19,29,76,21,36,59,18,21,13,0,174,774,40,13,9,0,2433
"2005M05",13,48,0,44,408,14,0,9,8,124,16,69,17,29,33,132,31,376,120,14,18,30,87,23,37,65,17,23,14,0,179,768,42,13,8,0,2490
"2005M06",13,48,0,73,408,13,0,8,9,120,12,70,18,18,31,128,30,359,138,14,17,32,80,21,36,57,17,23,13,0,174,730,43,14,9,0,2413
"2005M07",13,49,0,75,431,13,0,9,9,123,13,70,14,17,31,136,32,364,145,10,19,32,90,19,35,69,18,31,14,0,161,790,46,13,9,0,2535
"2005M08",14,48,0,59,406,14,0,12,9,122,12,69,15,26,31,137,31,347,140,13,18,33,88,21,35,62,18,31,13,0,149,790,44,13,10,0,2493
"2005M09",13,51,0,60,396,12,0,12,7,119,13,69,16,20,30,132,30,332,137,12,17,33,87,21,35,61,17,30,13,0,137,760,45,13,8,0,2417
"2005M10",14,48,0,62,405,14,0,8,9,124,13,72,15,22,31,137,31,341,135,13,18,35,89,22,34,66,18,31,13,0,143,782,43,14,10,0,2483
"2005M11",14,34,0,58,355,13,0,13,9,118,14,81,13,21,32,129,30,361,97,9,18,35,55,28,34,57,21,30,13,0,145,756,37,17,10,0,2364
"2005M12",13,45,0,62,366,12,0,14,9,124,15,85,10,25,31,141,31,379,102,10,22,36,81,31,37,58,22,42,27,0,148,793,50,18,10,0,2553
"2006M01",13,46,0,63,366,14,0,15,8,123,18,85,11,30,31,146,31,375,99,14,20,36,83,33,38,58,22,44,27,0,150,795,45,22,9,0,2582
"2006M02",12,37,0,56,326,12,0,12,8,111,16,77,9,28,28,133,28,347,91,12,16,32,70,28,29,49,20,40,24,0,132,695,40,19,9,0,2295
"2006M03",16,36,0,61,355,13,0,15,9,123,17,80,13,30,31,148,31,366,104,11,18,34,75,29,37,52,22,31,25,0,145,758,38,17,9,0,2462
"2006M04",25,37,0,60,398,13,0,12,9,120,13,56,15,21,30,137,30,301,114,0,18,29,78,28,30,51,21,30,22,0,145,726,39,12,10,0,2378
"2006M05",24,40,0,61,389,14,0,14,9,122,9,57,10,22,33,133,31,303,109,0,20,28,67,26,31,52,23,31,22,0,146,715,37,10,9,0,2321
"2006M06",24,41,0,59,394,12,0,13,8,119,10,55,17,19,22,129,30,293,113,0,19,26,65,21,31,52,20,30,29,0,143,680,35,11,14,0,2260
"2006M07",25,45,0,62,461,14,0,17,9,123,12,54,21,22,22,133,31,315,147,0,18,28,91,27,33,66,27,31,33,0,140,755,40,13,12,0,2559
"2006M08",26,42,0,58,463,13,0,18,9,124,10,51,21,22,22,132,31,315,139,0,18,31,84,25,31,64,26,31,31,0,134,730,39,13,14,0,2495
"2006M09",26,39,0,60,445,9,0,17,9,120,12,52,22,22,22,129,30,306,138,0,17,30,85,26,31,65,26,30,30,0,130,714,43,9,13,0,2447
"2006M10",28,43,0,62,418,14,0,14,9,124,16,55,18,21,21,132,32,311,110,0,19,31,64,27,31,60,27,31,31,0,106,716,40,8,14,0,2368
"2006M11",25,39,0,60,367,13,0,13,6,120,15,91,10,21,25,129,60,340,89,0,18,29,74,26,29,59,25,30,25,10,99,699,35,9,13,0,2333
"2006M12",28,64,0,62,392,13,0,13,0,123,18,93,17,22,22,135,62,350,93,0,23,31,77,31,37,60,27,44,30,13,117,743,46,9,15,0,2534
"2007M01",26,59,0,62,381,14,0,14,0,124,17,93,14,23,22,139,62,347,93,0,21,31,76,32,32,56,27,44,31,14,121,741,43,11,13,0,2497
"2007M02",25,46,0,56,339,12,0,13,0,111,17,91,11,20,20,119,57,319,82,0,16,29,55,24,26,48,25,40,28,14,109,650,32,12,9,0,2198
"2007M03",26,43,0,61,392,12,0,15,0,122,15,87,14,19,23,133,62,354,87,0,21,30,66,26,31,53,26,32,31,13,113,716,32,10,11,0,2388
"2007M04",27,48,0,59,410,13,0,16,0,119,13,60,11,15,21,124,60,293,102,0,18,29,66,27,20,57,26,30,30,13,107,677,29,8,14,0,2269
"2007M05",26,48,0,62,424,13,0,14,0,124,11,62,11,18,24,125,62,302,102,0,19,31,67,24,18,53,26,21,31,13,108,680,32,9,14,0,2289
"2007M06",25,47,0,60,402,12,0,18,0,119,10,60,11,21,22,119,60,299,100,1,17,26,69,22,17,57,26,21,30,13,103,646,31,9,13,0,2215
"2007M07",23,51,0,62,446,14,0,19,0,122,14,62,17,18,21,127,62,319,129,0,21,31,72,28,18,57,27,31,31,13,108,706,35,8,17,0,2422
"2007M08",18,51,0,62,434,13,0,18,0,124,13,63,17,18,23,125,62,316,118,0,17,31,69,22,19,58,26,31,31,13,107,689,31,10,14,0,2351
"2007M09",17,51,0,60,419,13,0,16,0,120,13,60,15,17,22,119,60,300,126,0,19,30,73,22,19,63,27,30,30,13,105,675,30,8,14,0,2309
"2007M10",15,44,0,62,415,14,0,18,0,124,13,64,14,19,23,122,62,303,98,0,20,31,64,22,15,53,27,31,31,14,109,687,31,9,14,0,2291
"2007M11",25,48,0,58,367,12,0,13,0,116,17,62,12,20,23,117,60,323,90,0,16,31,56,27,17,42,25,30,30,21,122,674,31,9,12,12,2279
"2007M12",27,63,0,61,406,17,0,13,0,123,17,104,17,22,22,126,62,337,94,0,21,31,73,31,21,47,30,31,31,23,131,719,36,8,14,13,2504
"2008M01",25,61,0,61,399,13,0,13,0,123,18,103,15,21,22,130,62,342,98,0,23,32,77,33,18,48,31,31,31,21,129,719,36,13,15,13,2510
"2008M02",28,45,0,58,367,13,0,13,0,116,16,101,13,21,21,117,58,321,88,0,18,29,60,25,18,36,29,29,28,21,118,687,31,12,14,13,2308
"2008M03",30,52,0,62,390,13,0,14,0,123,17,97,14,18,22,123,62,335,100,0,20,30,64,27,20,40,31,31,31,23,125,722,32,8,14,13,2434
"2008M04",26,49,0,51,404,13,0,18,0,120,17,75,9,16,22,118,60,294,97,0,20,30,69,28,16,47,30,27,30,13,116,683,30,9,15,9,2291
"2008M05",22,52,0,54,425,13,0,18,0,124,14,76,10,17,23,106,62,307,94,0,20,29,67,23,18,49,31,24,31,13,116,688,32,9,13,8,2322
"2008M06",22,49,0,51,429,30,0,17,0,119,13,73,12,16,21,103,60,292,106,0,20,24,69,22,18,53,30,22,30,13,114,649,30,6,16,9,2269
"2008M07",23,50,3,53,478,31,0,19,0,124,20,76,15,18,22,110,62,305,131,0,21,27,90,28,16,58,31,31,28,13,117,724,36,9,20,13,2523
"2008M08",22,50,11,53,468,31,0,17,0,124,13,77,18,30,20,107,62,310,132,0,18,31,86,26,20,54,31,31,26,12,118,688,34,9,21,14,2484
"2008M09",22,51,4,51,466,30,0,18,0,120,13,72,15,27,17,103,60,305,114,0,20,27,84,27,18,56,30,22,30,13,109,666,31,0,17,10,2367
"2008M10",23,58,4,53,450,31,0,18,0,123,16,79,15,29,19,110,62,346,101,0,17,30,81,28,19,55,26,24,29,13,111,713,35,0,14,10,2465
"2008M11",30,60,5,44,408,30,0,18,0,120,20,91,10,23,21,99,60,361,86,0,19,26,80,30,18,48,26,30,20,13,123,723,32,0,14,13,2438
"2008M12",30,69,8,45,434,30,0,18,0,124,22,93,15,21,21,109,62,392,99,0,23,30,77,31,20,49,27,31,31,14,125,754,41,0,14,17,2609
"2009M01",31,66,9,49,438,31,0,17,0,123,22,94,11,24,24,109,62,398,96,0,19,31,79,34,20,49,26,31,31,13,131,768,36,0,14,17,2639
"2009M02",25,56,8,44,386,28,0,12,0,112,20,85,11,20,20,94,56,346,77,0,20,28,53,28,17,40,24,28,22,12,104,661,30,0,12,16,2262
"2009M03",30,54,6,49,429,31,0,14,0,123,18,91,15,22,17,98,62,392,82,0,18,31,61,31,18,44,27,32,23,13,116,720,32,0,13,18,2478
"2009M04",26,58,4,47,423,31,0,16,1,120,18,73,10,8,16,97,60,350,83,0,17,30,63,26,18,52,26,21,21,13,104,677,26,0,13,8,2290
"2009M05",22,54,5,49,418,31,0,15,0,123,12,76,13,9,22,94,62,329,84,0,18,24,86,24,22,53,26,22,22,9,109,691,29,0,15,9,2303
"2009M06",21,57,4,47,411,30,0,19,0,120,10,73,8,3,17,97,60,345,88,0,17,20,78,23,21,51,26,22,22,8,105,674,28,0,13,9,2255
"2009M07",23,62,9,48,450,31,0,19,0,122,16,76,15,13,17,103,62,390,113,0,18,22,99,26,21,65,30,21,25,14,106,759,33,0,19,12,2549
"2009M08",18,59,9,48,451,31,0,20,0,121,13,77,16,14,18,103,62,392,107,0,18,24,96,23,21,58,31,23,22,10,109,766,26,0,18,13,2542
"2009M09",21,48,8,47,423,30,0,19,0,119,17,72,15,15,17,95,60,367,100,0,18,22,91,23,21,63,30,21,22,11,105,738,27,0,19,9,2423
"2009M10",22,61,9,49,425,31,0,16,0,123,18,77,11,16,19,99,54,390,92,0,18,23,96,25,22,59,28,24,21,13,109,783,33,0,14,8,2521
"2009M11",22,51,9,47,374,30,0,13,0,119,17,93,12,18,18,89,52,392,82,0,17,26,80,26,21,50,28,30,22,13,116,764,30,0,13,9,2438
"2009M12",22,61,8,49,396,31,0,12,1,124,21,93,10,21,22,98,53,415,88,1,20,29,94,31,24,47,30,31,23,13,125,839,37,0,13,11,2626
"2010M01",24,53,9,49,405,31,0,15,0,124,22,93,11,23,23,97,53,417,84,2,20,31,99,31,22,51,29,31,24,14,125,870,36,1,16,14,2706
"2010M02",16,50,8,44,346,28,0,12,0,111,20,85,12,20,18,83,48,376,75,0,18,28,83,24,15,40,24,28,20,12,104,743,27,4,12,12,2325
"2010M03",18,52,9,48,394,30,0,16,0,123,18,93,14,22,17,89,53,412,76,0,17,27,95,27,18,46,23,30,23,13,117,799,31,0,14,13,2537
"2010M04",21,58,9,48,398,21,0,22,0,119,18,73,15,13,24,93,41,370,89,0,17,20,98,30,18,51,26,21,21,12,104,742,30,0,12,9,2420
"2010M05",18,57,9,48,391,22,0,22,0,123,13,76,13,13,23,86,54,364,89,0,18,23,92,28,18,54,27,23,22,14,108,703,34,0,15,8,2377
"2010M06",18,56,8,48,378,21,0,27,0,120,12,72,13,17,21,87,51,351,92,0,17,19,91,21,14,51,25,21,22,13,104,704,32,0,14,9,2314
"2010M07",18,67,9,49,446,22,0,25,0,122,18,76,14,13,23,104,61,381,113,0,20,24,100,25,23,70,27,30,21,13,108,775,32,0,17,16,2609
"2010M08",19,56,9,53,456,23,0,26,0,124,17,75,18,14,22,100,62,379,107,0,18,27,107,23,21,67,27,31,23,13,110,764,32,0,19,13,2605
"2010M09",21,60,8,51,421,21,0,24,0,119,13,66,16,12,21,96,52,358,91,0,18,21,98,23,17,62,26,21,22,13,105,724,31,0,17,9,2424
"2010M10",23,60,9,53,407,22,0,24,0,124,14,77,16,13,25,99,53,371,91,0,19,22,99,30,18,59,27,23,24,14,112,744,33,0,15,14,2505
"2010M11",22,55,9,50,366,22,0,21,0,118,17,73,11,17,21,97,52,385,76,0,17,26,90,31,19,52,28,30,22,12,118,741,32,0,11,13,2440
"2010M12",26,65,9,55,409,22,0,24,0,124,18,87,11,21,23,109,57,444,86,1,22,30,103,31,23,49,31,31,27,13,131,795,40,0,13,12,2700
"2011M01",27,56,9,52,429,22,0,22,0,124,21,85,12,23,22,106,58,465,83,4,22,31,112,32,23,48,31,31,31,14,95,807,35,12,14,13,2755
"2011M02",20,52,8,47,366,20,0,19,0,111,20,79,12,20,20,93,48,414,73,4,19,29,91,27,18,43,28,28,28,12,81,727,32,12,11,12,2448
"2011M03",22,54,8,54,400,21,0,15,0,124,15,77,13,12,24,99,53,449,80,3,18,26,97,31,18,51,29,30,30,13,100,788,34,13,13,14,2622
"2011M04",22,54,9,51,395,18,10,27,1,120,12,73,14,9,43,94,51,412,82,0,17,20,105,32,19,54,30,26,21,13,113,730,29,10,13,9,2533
"2011M05",19,54,9,53,379,18,13,32,0,123,14,75,13,12,46,99,54,401,80,0,20,18,98,27,18,63,28,22,23,14,111,694,32,10,13,9,2474
"2011M06",15,46,8,51,316,16,13,29,0,119,6,72,10,16,43,83,51,312,88,0,17,14,75,23,17,58,10,23,21,13,95,534,27,8,13,8,2043
"2011M07",19,58,9,54,448,18,13,41,0,123,12,76,18,14,44,104,61,412,117,0,18,16,107,28,23,75,24,26,22,14,112,747,31,14,18,14,2704
"2011M08",17,52,9,53,447,18,14,38,0,124,13,75,18,13,43,100,62,404,99,0,17,25,111,22,17,73,28,22,22,13,100,762,32,13,20,13,2661
"2011M09",21,51,9,51,430,17,12,34,0,120,16,72,18,13,45,102,57,395,96,0,17,17,101,28,18,62,28,21,21,12,97,742,31,12,16,13,2581
"2011M10",23,55,9,54,428,17,15,31,2,125,13,78,17,13,43,105,60,419,91,0,19,17,109,31,19,59,27,23,27,14,97,797,30,13,14,13,2682
"2011M11",25,53,8,52,372,0,30,17,0,120,13,76,11,14,44,95,51,391,76,0,18,23,77,31,19,54,29,30,21,13,106,706,31,13,14,12,2441
"2011M12",31,59,9,54,387,0,31,17,0,124,13,101,13,18,45,102,59,422,83,0,22,26,83,34,23,51,31,40,28,16,125,791,39,13,13,16,2703
"2012M01",30,61,10,52,388,1,31,18,0,123,14,104,16,19,45,103,57,457,81,1,24,27,111,35,22,51,31,44,31,18,122,794,35,14,13,19,2796
"2012M02",23,50,8,50,343,0,29,18,0,115,12,81,10,16,41,98,49,402,69,3,18,21,90,34,16,44,29,29,26,17,101,706,31,12,12,16,2426
"2012M03",26,55,9,53,377,0,31,18,0,124,14,78,12,18,46,94,53,436,75,0,18,29,98,36,20,54,27,29,22,17,106,738,34,13,13,13,2585
"2012M04",26,52,9,49,375,0,30,33,0,120,12,61,10,12,44,96,52,396,75,0,18,21,103,37,20,62,26,22,22,17,99,721,29,13,13,13,2483
"2012M05",17,54,8,49,340,0,31,28,0,124,13,62,12,11,47,74,53,368,76,0,18,19,81,27,18,52,26,22,22,18,99,670,31,13,14,9,2282
"2012M06",17,52,9,49,369,0,30,28,3,120,13,60,10,12,25,65,54,364,89,0,17,20,94,26,18,64,26,21,22,17,104,652,33,13,15,12,2310
"2012M07",23,61,1,53,445,0,31,39,9,124,0,62,15,13,27,77,62,435,119,0,20,24,113,33,20,80,27,23,27,22,105,753,33,14,17,14,2708
"2012M08",19,54,0,53,440,0,31,41,9,124,0,63,15,14,27,69,58,422,107,0,18,26,100,31,19,62,26,21,21,22,101,712,34,12,19,13,2575
"2012M09",21,54,1,52,399,0,30,36,9,118,0,60,19,13,25,73,51,394,104,0,19,22,100,30,18,63,26,22,22,22,100,712,30,13,18,13,2492
"2012M10",25,58,0,53,399,0,31,33,4,124,1,63,18,15,27,80,53,411,93,0,17,23,104,31,17,67,26,22,27,22,101,734,34,15,16,13,2546
"2012M11",26,50,0,51,330,0,30,17,0,120,0,60,16,11,27,69,52,418,73,0,17,25,84,30,19,51,26,19,25,21,105,731,32,30,14,13,2371
"2012M12",31,59,0,54,376,0,31,18,0,124,0,92,18,15,26,80,59,476,77,1,23,30,105,32,23,55,27,30,30,26,110,819,35,31,14,19,2715
"2013M01",31,59,0,53,379,0,31,16,0,124,0,95,15,12,27,80,59,481,75,5,26,31,109,31,20,54,26,31,31,28,109,806,37,31,13,21,2706
"2013M02",24,47,0,48,318,0,28,11,0,112,0,86,16,12,24,67,48,391,68,0,17,28,87,29,17,41,24,28,26,28,94,677,31,28,12,20,2287
"2013M03",27,51,0,56,359,1,31,15,0,123,0,65,25,14,27,67,35,446,78,0,18,31,98,32,19,52,27,23,23,31,101,763,32,31,13,18,2524
"2013M04",28,54,0,51,384,0,30,13,0,119,0,60,25,0,27,75,30,423,78,0,18,30,103,30,20,61,26,17,30,30,96,763,31,30,12,14,2511
"2013M05",17,54,0,51,344,0,31,14,0,121,0,62,29,2,28,75,31,380,81,0,16,28,84,21,17,53,27,17,31,31,99,671,34,29,14,13,2306
"2013M06",18,54,0,52,363,0,30,16,9,120,0,60,28,10,25,73,30,373,89,0,19,26,84,22,20,63,25,18,30,30,101,660,30,26,18,15,2332
"2013M07",24,62,0,50,429,0,31,22,9,124,0,64,28,10,26,79,31,442,120,0,18,28,113,31,19,76,26,17,30,31,102,797,37,31,19,19,2749
"2013M08",17,55,0,48,419,0,31,24,8,124,1,62,30,12,27,74,31,434,112,0,21,30,98,27,19,68,24,18,27,31,98,749,38,29,18,22,2631
"2013M09",26,54,0,47,393,0,30,21,9,120,0,60,30,13,25,73,30,425,89,0,17,26,106,31,20,66,22,17,30,30,99,727,29,26,18,17,2538
"2013M10",26,55,0,49,378,0,31,22,6,124,0,62,33,8,29,81,31,439,97,0,18,23,112,31,17,64,22,19,31,32,99,758,35,26,18,15,2598
"2013M11",26,52,0,52,336,0,30,10,0,120,0,61,27,4,28,73,30,419,77,0,18,27,98,30,17,53,25,21,31,30,99,747,29,28,14,13,2429
"2013M12",39,62,0,53,381,0,43,9,0,124,0,94,34,8,31,83,31,504,94,0,23,31,123,47,24,56,28,27,31,30,114,834,36,32,13,22,2855
"2014M01",44,58,0,53,378,0,46,10,0,124,0,94,32,4,31,88,31,501,90,4,28,31,121,50,24,51,30,31,31,32,111,826,38,31,13,26,2862
"2014M02",36,48,0,48,328,0,41,9,0,112,0,84,27,3,24,76,28,393,70,2,21,29,94,37,22,37,28,28,28,30,94,703,31,28,12,20,2392
"2014M03",41,51,0,48,361,0,32,11,0,124,0,64,30,0,27,77,31,447,80,0,18,32,102,41,26,50,31,22,31,31,98,781,30,31,14,18,2575
"2014M04",39,53,0,50,377,0,43,10,0,120,1,60,30,0,31,73,30,435,78,0,20,31,104,38,23,63,17,17,30,29,94,757,32,30,14,13,2545
"2014M05",30,52,0,48,342,0,45,14,0,123,0,62,28,0,32,74,31,397,77,0,18,31,103,23,23,55,26,18,31,30,99,687,37,26,20,13,2398
"2014M06",32,52,0,47,365,0,43,15,9,120,0,62,31,0,30,73,30,379,85,0,21,30,105,22,22,61,30,17,30,30,96,675,33,23,21,15,2421
"2014M07",33,66,0,49,418,0,44,23,13,124,0,63,37,0,32,80,31,464,132,0,18,32,125,32,26,72,31,18,30,31,93,797,39,26,21,20,2834
"2014M08",28,61,1,49,417,0,44,23,10,124,0,63,34,0,31,75,31,435,117,0,25,31,109,29,23,69,31,18,27,31,85,762,35,27,23,22,2705
"2014M09",23,57,0,49,400,0,43,21,10,120,0,60,32,0,29,74,30,415,93,0,17,30,109,30,22,62,30,17,30,30,83,731,34,28,22,17,2568
"2014M10",26,55,0,48,381,0,47,20,6,123,0,63,34,3,32,78,31,426,97,0,20,31,113,32,21,60,31,18,31,31,84,766,37,31,17,13,2617
"2014M11",26,50,1,47,337,0,60,2,0,120,0,60,31,5,32,77,30,427,74,0,24,36,101,30,23,51,30,22,30,30,82,717,29,30,16,14,2452
"2014M12",29,65,0,49,388,0,62,1,0,124,0,96,37,0,30,86,31,518,87,0,28,44,133,46,27,53,31,27,39,44,104,840,40,48,13,22,2929
"2015M01",31,65,0,49,392,0,62,0,0,124,0,94,32,0,31,89,31,534,93,0,34,44,142,47,27,48,32,31,44,56,108,847,37,49,14,26,2992
"2015M02",24,44,0,44,337,0,59,1,1,112,0,89,31,0,28,71,28,419,75,0,23,41,112,44,24,33,28,28,40,56,88,692,28,44,13,20,2483
"2015M03",27,52,0,50,369,0,61,3,1,124,0,77,29,0,32,76,31,473,82,0,21,44,121,51,27,45,31,22,34,50,92,743,31,36,15,19,2668
"2015M04",25,54,0,47,377,0,43,13,1,120,0,63,31,0,33,91,30,473,82,0,25,30,130,44,24,49,30,17,30,31,92,706,34,31,17,12,2592
"2015M05",18,53,0,49,350,0,44,10,2,125,0,62,34,0,31,91,31,418,83,0,22,31,130,22,23,48,31,18,31,31,94,645,31,28,21,14,2423
